Last Name,Average of Discount,Sum of Total Revenue
Buchanan,0.12500000186264515,75567.75000333786
Callahan,0.12500000186264515,133301.0300655365
Davolio,0.08272727341814474,202143.7103085518
Dodsworth,0.12500000186264515,82963.9998178482
Fuller,0.12500000186264515,177749.2604765892
King,0.12500000186264515,141295.99010276794
Leverling,0.12500000186264515,213051.2994799614
Peacock,0.12500000186264515,250187.4502530098
Suyama,0.12500000186264515,78198.09993362427
